1,2,want,look,desire
1,2,want,look,crave
1,3,want,thing,desire
1,3,want,thing,crave
1,3,want,thing,wish
1,3,want,thing,craving
1,3,want,thing,longing
1,4,want,tell,desire
1,4,want,tell,crave
1,4,want,tell,wish
1,4,want,tell,yearn
1,4,want,tell,express
1,4,want,tell,communicate
1,4,want,tell,convey
1,4,want,tell,articulate
1,4,want,tell,declare
1,5,want,man,bachelor
1,5,want,man,manly
1,5,want,man,masculine
1,5,want,man,virile
1,6,want,life,desire
1,6,want,life,crave
1,6,want,life,aspiration
1,6,want,life,ambition
1,6,want,life,goal
1,6,want,life,dream
1,7,want,right,desire
1,7,want,right,crave
1,7,want,right,need
1,7,want,right,wish
1,7,want,right,yearn
1,7,want,right,conservative
1,7,want,right,right-wing
1,7,want,right,republican
1,8,want,down,desire
1,8,want,down,crave
1,8,want,down,sorry
1,8,want,down,sit
1,9,want,try,desire
1,9,want,try,crave
1,9,want,try,yearn
1,9,want,try,aspire
1,10,want,call,craving
1,10,want,call,desire
1,10,want,call,urge
1,10,want,call,longing
1,10,want,call,yearning
1,11,want,woman,misogynist
1,11,want,woman,womanizer
1,11,want,woman,chauvinist
1,11,want,woman,sexist
1,11,want,woman,equality
1,11,want,woman,respect
1,11,want,woman,empowerment
1,11,want,woman,autonomy
1,11,want,woman,agency
1,12,want,still,desire
1,12,want,still,crave
1,12,want,still,yearn
1,12,want,still,long
1,13,want,mean,covet
1,13,want,mean,desire
1,13,want,mean,crave
1,13,want,mean,yearn
1,13,want,mean,avarice
1,13,want,mean,greed
1,13,want,mean,covetousness
1,14,want,world,globalization
1,14,want,world,internationalism
1,14,want,world,cosmopolitanism
1,15,want,feel,desire
1,15,want,feel,crave
1,15,want,feel,longing
1,15,want,feel,yearning
1,15,want,feel,aspiration
1,15,want,feel,need
1,16,want,child,desire
1,16,want,child,craving
1,16,want,child,yearning
1,16,want,child,longing
1,16,want,child,need
1,17,want,school,homeschooling
1,17,want,school,unschooling
1,17,want,school,desire
1,17,want,school,need
1,17,want,school,requirement
1,17,want,school,objective
1,17,want,school,goal
1,18,want,state,desire
1,18,want,state,craving
1,18,want,state,longing
1,18,want,state,yearning
1,18,want,state,aspiration
1,19,want,talk,conversation
1,19,want,talk,discussion
1,19,want,talk,chat
1,19,want,talk,dialogue
1,19,want,talk,communication
1,19,want,talk,desire
1,19,want,talk,crave
1,19,want,talk,longing
1,19,want,talk,yearning
1,19,want,talk,aspiration
1,20,want,keep,desire
1,20,want,keep,crave
1,21,want,leave,leaving
1,21,want,leave,wanna
1,21,want,leave,yeah
1,21,want,leave,yes
1,21,want,leave,desire
1,21,want,leave,crave
1,21,want,leave,longing
1,21,want,leave,yearning
1,21,want,leave,aspiration
1,22,want,put,desire
1,22,want,put,crave
1,23,want,help,assist
1,23,want,help,aid
1,23,want,help,support
1,23,want,help,helping
1,24,want,start,desire
1,24,want,start,crave
1,24,want,start,yearn
1,24,want,start,aspire
1,24,want,start,aim
1,24,want,start,craving
1,24,want,start,longing
1,24,want,start,yearning
1,24,want,start,itch
1,25,want,high,crave
1,25,want,high,desire
1,25,want,high,craving
1,25,want,high,longing
1,25,want,high,yearning
1,25,want,high,thirst
1,26,want,family,family-oriented
1,26,want,family,family-focused
1,26,want,family,family-centric
1,26,want,family,family-minded
1,26,want,family,desire
1,26,want,family,aspiration
1,26,want,family,wish
1,26,want,family,need
1,26,want,family,craving
1,27,want,house,desire
1,27,want,house,crave
1,27,want,house,need
1,27,want,house,seek
1,27,want,house,craving
1,27,want,house,longing
1,27,want,house,yearning
1,27,want,house,aspiration
1,28,want,show,exhibition
1,28,want,show,express
1,28,want,show,demonstrate
1,28,want,show,indicate
1,28,want,show,manifest
1,28,want,show,reveal
1,29,want,student,desire
1,29,want,student,aspiration
1,29,want,student,goal
1,29,want,student,ambition
1,29,want,student,objective
1,30,want,might,desire
1,30,want,might,craving
1,30,want,might,longing
1,30,want,might,yearning
1,30,want,might,aspiration
1,30,want,might,crave
1,30,want,might,wish
1,30,want,might,need
1,30,want,might,prefer
1,31,want,part,desire
1,31,want,part,crave
1,31,want,part,longing
1,31,want,part,yearning
1,31,want,part,aspiration
1,31,want,part,craving
1,32,want,place,desire
1,32,want,place,craving
1,32,want,place,longing
1,32,want,place,yearning
1,32,want,place,aspiration
1,33,want,problem,desire
1,33,want,problem,craving
1,33,want,problem,yearning
1,33,want,problem,need
1,33,want,problem,compulsion
1,33,want,problem,wish
1,34,want,country,patriotism
1,34,want,country,nationalism
1,34,want,country,desire
1,34,want,country,aspiration
1,34,want,country,goal
1,34,want,country,objective
1,34,want,country,ambition
1,35,want,week,holiday
1,35,want,week,break
1,36,want,point,goal
1,36,want,point,objective
1,36,want,point,aim
1,36,want,point,ambition
1,36,want,point,desire
1,36,want,point,craving
1,36,want,point,yearning
1,36,want,point,longing
1,36,want,point,aspiration
1,37,want,hand,desire
1,37,want,hand,crave
1,37,want,hand,need
1,37,want,hand,glove
1,37,want,hand,mitten
1,37,want,hand,handwear
1,38,want,play,desire
1,38,want,play,crave
1,38,want,play,longing
1,38,want,play,yearning
1,38,want,play,itch
1,39,want,turn,desire
1,39,want,turn,crave
1,39,want,turn,craving
1,39,want,turn,longing
1,39,want,turn,yearning
1,39,want,turn,itch
1,40,want,few,minimalist
1,40,want,few,simple
1,40,want,few,uncomplicated
1,40,want,few,modest
1,40,want,few,frugal
1,40,want,few,unpopular
1,40,want,few,undesirable
1,40,want,few,unappealing
1,40,want,few,unattractive
1,41,want,group,aspiration
1,41,want,group,desire
1,41,want,group,craving
1,41,want,group,longing
1,41,want,group,yearning
1,41,want,group,demand
1,41,want,group,need
1,41,want,group,requirement
1,42,want,run,desire
1,42,want,run,crave
1,42,want,run,sorry
1,43,want,guy,desire
1,43,want,guy,crave
1,43,want,guy,craving
1,43,want,guy,yearning
1,43,want,guy,longing
1,43,want,guy,aspiration
1,44,want,case,briefcase
1,44,want,case,portfolio
1,44,want,case,desire
1,44,want,case,need
1,44,want,case,wish
1,44,want,case,craving
1,44,want,case,yearning
1,45,want,night,nocturnal
1,45,want,night,craving
1,45,want,night,desire
1,45,want,night,yearning
1,45,want,night,longing
1,45,want,night,urge
1,46,want,game,desire
1,46,want,game,crave
1,46,want,game,craving
1,46,want,game,yearning
1,46,want,game,itch
1,47,want,number,desire
1,47,want,number,craving
1,47,want,number,longing
1,47,want,number,yearning
1,47,want,number,aspiration
1,47,want,number,popular
1,47,want,number,in-demand
1,47,want,number,coveted
1,47,want,number,sought-after
1,48,want,money,greedy
1,48,want,money,avaricious
1,48,want,money,covetous
1,48,want,money,greed
1,48,want,money,avarice
1,48,want,money,covetousness
1,49,want,lot,desire
1,49,want,lot,crave
1,50,want,book,wishlist
1,51,want,system,desire
1,51,want,system,craving
1,51,want,system,yearning
1,51,want,system,longing
1,51,want,system,aspiration
1,52,want,city,metropolis
1,52,want,city,urbcenter
1,52,want,city,cosmopolis
1,52,want,city,desire
1,52,want,city,aspiration
1,52,want,city,goal
1,52,want,city,objective
1,52,want,city,ambition
1,53,want,company,lonely
1,53,want,company,bored
1,53,want,company,solitary
1,53,want,company,requirement
1,53,want,company,need
1,53,want,company,demand
1,53,want,company,desire
1,53,want,company,objective
1,54,want,story,plot
1,54,want,story,narrative
1,54,want,story,storyline
1,54,want,story,tale
1,54,want,story,account
1,55,want,today,desire
1,55,want,today,crave
1,55,want,today,need
1,55,want,today,wish
1,55,want,today,craving
1,55,want,today,yearning
1,56,want,job,employment
1,56,want,job,occupation
1,56,want,job,career
1,56,want,job,position
1,56,want,job,work
1,56,want,job,profession
1,57,want,friend,companionship
1,57,want,friend,camaraderie
1,57,want,friend,friendship
1,57,want,friend,support
1,57,want,friend,loyalty
1,58,want,hold,desire
1,58,want,hold,crave
1,59,want,word,desire
1,59,want,word,crave
1,59,want,word,longing
1,59,want,word,yearning
1,59,want,word,aspiration
1,60,want,fact,truth
1,60,want,fact,accuracy
1,60,want,fact,verification
1,60,want,fact,evidence
1,60,want,fact,proof
1,60,want,fact,desire
1,60,want,fact,need
1,60,want,fact,necessity
1,60,want,fact,requirement
1,61,want,read,interested
1,61,want,read,curious
1,61,want,read,eager
1,61,want,read,enthusiastic
1,61,want,read,keen
1,61,want,read,unread
1,61,want,read,desired
1,61,want,read,requested
1,61,want,read,sought-after
1,62,want,nothing,desireless
1,62,want,nothing,content
1,62,want,nothing,satisfied
1,62,want,nothing,unambitious
1,62,want,nothing,contentment
1,62,want,nothing,satisfaction
1,62,want,nothing,fulfillment
1,62,want,nothing,happiness
1,63,want,month,October
1,63,want,month,wishlist
1,63,want,month,must-haves
1,64,want,program,wishlist
1,65,want,maybe,desire
1,65,want,maybe,crave
1,65,want,maybe,wish
1,65,want,maybe,hope
1,65,want,maybe,yearn
1,66,want,kind,preference
1,66,want,kind,desire
1,66,want,kind,liking
1,66,want,kind,taste
1,66,want,kind,craving
1,66,want,kind,longing
1,66,want,kind,yearning
1,66,want,kind,aspiration
1,67,want,stop,discontinue
1,67,want,stop,cease
1,67,want,stop,terminate
1,67,want,stop,satiety
1,67,want,stop,contentment
1,67,want,stop,satisfaction
1,67,want,stop,fulfillment
1,67,want,stop,gratification
1,68,want,pay,payment
1,68,want,pay,compensation
1,68,want,pay,remuneration
1,68,want,pay,salary
1,68,want,pay,wages
1,68,want,pay,satisfy
1,68,want,pay,fulfill
1,68,want,pay,meet
1,68,want,pay,provide
1,69,want,study,curiosity
1,69,want,study,desire
1,69,want,study,aspiration
1,69,want,study,ambition
1,69,want,study,goal
1,69,want,study,objective
1,70,want,issue,desire
1,70,want,issue,need
1,70,want,issue,requirement
1,70,want,issue,demand
1,70,want,issue,craving
1,70,want,issue,yearning
1,71,want,name,pseudonym
1,71,want,name,alias
1,71,want,name,wishlist
1,72,want,idea,desire
1,72,want,idea,craving
1,72,want,idea,yearning
1,72,want,idea,longing
1,72,want,idea,aspiration
1,73,want,room,spacious
1,73,want,room,roomy
1,73,want,room,ample
1,73,want,room,generous
1,73,want,room,expansive
1,73,want,room,desire
1,73,want,room,craving
1,73,want,room,longing
1,73,want,room,yearning
1,73,want,room,need
1,74,want,percent,desire
1,74,want,percent,crave
1,74,want,percent,need
1,74,want,percent,wish
1,74,want,percent,yearn
1,74,want,percent,majority
1,74,want,percent,preference
1,74,want,percent,inclination
1,75,want,law,justice
1,75,want,law,legality
1,75,want,law,lawfulness
1,76,want,power,crave
1,76,want,power,desire
1,76,want,power,lust
1,76,want,power,ambition
1,76,want,power,craving
1,76,want,power,yearning
1,76,want,power,aspiration
1,77,want,kid,desire
1,77,want,kid,craving
1,77,want,kid,yearning
1,77,want,kid,whim
1,77,want,kid,whish
1,78,want,war,bellicose
1,78,want,war,belligerent
1,78,want,war,hawkish
1,78,want,war,militant
1,78,want,war,aggressive
1,78,want,war,belligerence
1,78,want,war,hostility
1,78,want,war,aggression
1,78,want,war,combativeness
1,79,want,head,desire
1,79,want,head,craving
1,79,want,head,yearning
1,79,want,head,longing
1,79,want,head,aspiration
1,80,want,mother,maternal
1,80,want,mother,yearning
1,80,want,mother,longing
1,80,want,mother,desiring
1,80,want,mother,craving
1,81,want,real,authentic
1,81,want,real,genuine
1,81,want,real,bonfide
1,81,want,real,realistic
1,81,want,real,legitimate
1,81,want,real,desire
1,81,want,real,craving
1,81,want,real,yearning
1,81,want,real,need
1,81,want,real,urge
1,82,want,team,assembling
1,82,want,team,recruiting
1,82,want,team,forming
1,82,want,team,building
1,82,want,team,creating
1,82,want,team,desire
1,82,want,team,goal
1,82,want,team,objective
1,82,want,team,aim
1,82,want,team,ambition
1,84,want,side,preference
1,84,want,side,desire
1,84,want,side,choice
1,84,want,side,liking
1,84,want,side,inclination
1,84,want,side,bias
1,84,want,side,leaning
1,84,want,side,partiality
1,85,want,water,thirsty
1,85,want,water,parched
1,85,want,water,dehydrated
1,85,want,water,craving
1,85,want,water,desiring
1,85,want,water,thirst
1,85,want,water,dehydration
1,85,want,water,drought
1,85,want,water,need
1,86,want,young,youthful
1,86,want,young,juvenescent
1,86,want,young,craving
1,86,want,young,desire
1,86,want,young,aspiration
1,86,want,young,yearning
1,86,want,young,ambition
1,87,want,wait,patience
1,87,want,wait,anticipation
1,87,want,wait,eagerness
1,87,want,wait,longing
1,87,want,wait,yearning
1,88,want,meet,desire
1,88,want,meet,crave
1,88,want,meet,satisfy
1,88,want,meet,fulfill
1,88,want,meet,provide
1,89,want,service,desire
1,89,want,service,require
1,89,want,service,need
1,89,want,service,crave
1,89,want,service,demand
1,89,want,service,wish
1,89,want,service,requirement
1,90,want,area,desire
1,90,want,area,need
1,90,want,area,craving
1,90,want,area,yearning
1,90,want,area,longing
1,92,want,someone,crave
1,92,want,someone,desire
1,94,want,change,Reform
1,94,want,change,revolution
1,95,want,hour,sorry
1,96,want,line,queue
1,100,want,car,desire
1,100,want,car,craving
1,100,want,car,longing
1,100,want,car,yearning
1,100,want,car,itch
1,143,want,data,datneed
1,143,want,data,datrequirement
1,143,want,data,datnecessity
1,149,want,age,ageism
1,238,want,doctor,physician
1,257,want,test,"Error : Chromote: timed out waiting for response to command Page.disable
"
1,264,want,oil,crave
1,264,want,oil,desire
1,264,want,oil,need
1,264,want,oil,require
1,264,want,oil,seek
1,280,want,wall,barrier
1,280,want,wall,partition
1,280,want,wall,fence
1,304,want,tree,sorry
1,376,want,king,"Error : Chromote: timed out waiting for response to command DOM.getDocument
"
1,446,want,credit,creditworthiness
1,453,want,debate,argue
1,453,want,debate,discuss
1,453,want,debate,dispute
1,453,want,debate,deliberate
1,453,want,debate,contend
1,460,want,review,"Error : Chromote: timed out waiting for response to command DOM.querySelectorAll
"
1,461,want,address,"Error : Chromote: timed out waiting for response to command Runtime.evaluate
"
1,462,want,measure,"Error : Chromote: timed out waiting for response to command DOM.resolveNode
"
1,487,want,inside,"Error : Chromote: timed out waiting for response to command Runtime.callFunctionOn
"
1,488,want,tool,desire
1,488,want,tool,need
1,488,want,tool,necessity
1,488,want,tool,requirement
1,520,want,task,"Error in self$check_active() : Session has been closed.
[34mâ„¹[39m Call session$respawn() to create a new session that connects to the same target.
"
3,82,thing,team,"Error : Chromote: timed out waiting for response to command DOM.querySelectorAll
"
3,414,thing,sun,sunset
3,414,thing,sun,sunshine
3,414,thing,sun,sunbeam
3,414,thing,sun,sunlight
3,414,thing,sun,sunburn
3,414,thing,sun,solar
3,414,thing,sun,sunspot
3,414,thing,sun,sunray
3,415,thing,pain,anguish
3,415,thing,pain,discomfort
3,415,thing,pain,ache
3,415,thing,pain,throbbing
3,415,thing,pain,agony
3,416,thing,artist,artefact
3,416,thing,artist,artwork
3,416,thing,artist,creation
3,416,thing,artist,sculpture
3,416,thing,artist,painting
3,416,thing,artist,composition
3,416,thing,artist,design
3,416,thing,artist,expression
3,417,thing,account,inventory
3,417,thing,account,ledger
3,417,thing,account,record
3,417,thing,account,log
3,417,thing,account,register
3,417,thing,account,bookkeeping
3,417,thing,account,accounting
3,417,thing,account,finance
3,417,thing,account,record-keeping
3,418,thing,release,unleash
3,418,thing,release,unfasten
3,418,thing,release,unbolt
3,418,thing,release,unlatch
3,418,thing,release,untie
3,419,thing,fund,endowment
3,419,thing,fund,trust
3,419,thing,fund,foundation
3,419,thing,fund,grant
3,419,thing,fund,subsidy
3,419,thing,fund,investment
3,419,thing,fund,donation
3,420,thing,treat,delicacy
3,420,thing,treat,confection
3,420,thing,treat,dessert
3,420,thing,treat,sweet
3,420,thing,treat,snack
3,420,thing,treat,remedy
3,420,thing,treat,medication
3,420,thing,treat,cure
3,420,thing,treat,therapy
3,420,thing,treat,healing
3,421,thing,version,edition
3,421,thing,version,iteration
3,421,thing,version,release
3,421,thing,version,update
3,422,thing,shot,projectile
3,422,thing,shot,bullet
3,422,thing,shot,arrow
3,422,thing,shot,dart
3,422,thing,shot,missile
3,423,thing,hate,abomination
3,423,thing,hate,loathing
3,423,thing,hate,detestation
3,423,thing,hate,aversion
3,423,thing,hate,antipathy
3,424,thing,reality,fact
3,424,thing,reality,truth
3,424,thing,reality,actuality
3,424,thing,reality,realism
3,425,thing,visit,sightseeing
3,425,thing,visit,tour
3,425,thing,visit,excursion
3,425,thing,visit,outing
3,425,thing,visit,trip
3,425,thing,visit,exploration
3,428,thing,river,stream
3,428,thing,river,waterway
3,428,thing,river,watercourse
3,428,thing,river,tributary
3,428,thing,river,brook
3,433,thing,notice,observation
3,433,thing,notice,perception
3,433,thing,notice,awareness
3,433,thing,notice,attention
3,433,thing,notice,inspection
3,439,thing,affect,impact
3,439,thing,affect,influence
3,439,thing,affect,effect
3,439,thing,affect,consequence
3,439,thing,affect,result
3,439,thing,affect,alter
3,439,thing,affect,modify
3,440,thing,trouble,problem
3,440,thing,trouble,issue
3,440,thing,trouble,complication
3,440,thing,trouble,difficulty
3,440,thing,trouble,challenge
3,441,thing,date,appointment
3,441,thing,date,rendezvous
3,441,thing,date,meeting
3,441,thing,date,engagement
3,442,thing,army,military
3,442,thing,army,warfare
3,442,thing,army,combat
3,442,thing,army,defense
3,444,thing,seat,chair
3,444,thing,seat,stool
3,444,thing,seat,bench
3,445,thing,writer,author
3,445,thing,writer,scribe
3,445,thing,writer,penman
3,445,thing,writer,wordsmith
3,447,thing,green,plant
3,447,thing,green,vegetation
3,447,thing,green,herb
3,448,thing,sleep,insomnia
3,448,thing,sleep,narcolepsy
3,448,thing,sleep,somnolence
3,450,thing,agent,representative
3,450,thing,agent,intermediary
3,450,thing,agent,middleman
3,451,thing,access,accessibility
3,451,thing,access,availability
3,451,thing,access,entrance
3,451,thing,access,admission
3,451,thing,access,entry
3,454,thing,leg,limb
3,454,thing,leg,appendage
3,455,thing,beat,drum
3,455,thing,beat,rhythm
3,455,thing,beat,tempo
3,455,thing,beat,cadence
3,455,thing,beat,pulse
3,456,thing,cold,chilly
3,456,thing,cold,frigid
3,456,thing,cold,icy
3,456,thing,cold,frosty
3,456,thing,cold,frozen
3,456,thing,cold,Ice
3,456,thing,cold,Snow
3,457,thing,glass,glassware
3,463,thing,stock,"Error : Chromote: timed out waiting for event Page.loadEventFired
"
3,517,thing,evening,"Error : Chromote: timed out waiting for response to command DOM.getDocument
"
3,523,thing,spring,springtime
3,523,thing,spring,thaw
3,523,thing,spring,coil
3,528,thing,normal,ordinary
3,528,thing,normal,typical
3,528,thing,normal,standard
3,528,thing,normal,common
3,528,thing,normal,regular
4,16,tell,child,instruct
4,16,tell,child,teach
4,16,tell,child,educate
4,16,tell,child,guide
4,16,tell,child,coach
4,18,tell,state,announcement
4,18,tell,state,declaration
4,18,tell,state,proclamation
4,18,tell,state,pronouncement
4,18,tell,state,statement
4,53,tell,company,announcement
4,53,tell,company,statement
4,53,tell,company,declaration
4,53,tell,company,communication
4,69,tell,study,"Error : Chromote: timed out waiting for response to command DOM.getDocument
"
4,70,tell,issue,report
4,70,tell,issue,announce
4,70,tell,issue,communicate
4,70,tell,issue,declare
4,70,tell,issue,proclaim
4,118,tell,face,"Error : Chromote: timed out waiting for event Page.loadEventFired
"
4,119,tell,public,"Error : Chromote: timed out waiting for event Page.loadEventFired
"
4,121,tell,food,tasty
4,121,tell,food,delicious
4,121,tell,food,flavorful
4,121,tell,food,appetizing
4,121,tell,food,delectable
4,160,tell,son,confession
4,160,tell,son,admission
4,160,tell,son,revelation
4,169,tell,cut,sorry
4,181,tell,base,sorry
4,209,tell,space,cosmos
4,209,tell,space,universe
4,229,tell,image,"Error : Chromote: timed out waiting for response to command DOM.getDocument
"
4,230,tell,star,"Error : Chromote: timed out waiting for response to command Page.disable
"
4,231,tell,cost,"Error : Chromote: timed out waiting for response to command Runtime.evaluate
"
4,232,tell,post,message
4,232,tell,post,update
4,232,tell,post,announcement
4,232,tell,post,notification
4,271,tell,stuff,inform
4,271,tell,stuff,communicate
4,271,tell,stuff,share
4,271,tell,stuff,disclose
4,271,tell,stuff,reveal
4,275,tell,short,anecdote
4,275,tell,short,story
4,275,tell,short,tale
4,275,tell,short,sketch
4,291,tell,note,memo
4,291,tell,note,reminder
4,291,tell,note,notation
4,312,tell,tonight,announce
4,312,tell,tonight,declare
4,312,tell,tonight,proclaim
4,312,tell,tonight,report
4,317,tell,wonder,"Error : Chromote: timed out waiting for response to command Runtime.callFunctionOn
"
4,334,tell,summer,"Error : Chromote: timed out waiting for response to command Target.attachToTarget
"
4,434,tell,detail,recite
4,434,tell,detail,rehearse
5,8,man,down,medic
5,321,man,common,commoner
5,321,man,common,pleb
5,321,man,common,jock
5,470,man,speech,oration
5,470,man,speech,address
5,470,man,speech,discourse
5,470,man,speech,lecture
5,470,man,speech,orator
5,470,man,speech,speaker
5,470,man,speech,rhetorician
5,471,man,trial,guinepig
5,473,man,weight,weightlifter
5,473,man,weight,heavyweight
5,474,man,citizen,gentleman
5,476,man,stick,cane
5,476,man,stick,staff
5,477,man,manager,boss
5,477,man,manager,supervisor
5,477,man,manager,executive
5,477,man,manager,director
5,480,man,peace,hippie
5,480,man,peace,pacifist
5,484,man,fly,superhero
6,7,life,right,eudaimonia
6,7,life,right,well-being
6,7,life,right,fulfillment
6,7,life,right,happiness
6,7,life,right,flourishing
6,8,life,down,depression
6,8,life,down,despair
6,8,life,down,hopelessness
6,8,life,down,sadness
6,8,life,down,melancholy
6,12,life,still,stagnation
6,12,life,still,stillness
6,12,life,still,quietude
6,12,life,still,calmness
6,12,life,still,serenity
6,14,life,world,reality
6,14,life,world,existence
6,14,life,world,universe
6,33,life,problem,issue
6,33,life,problem,concern
6,33,life,problem,matter
6,34,life,country,rural
6,42,life,run,routine
6,42,life,run,schedule
6,42,life,run,manage
6,42,life,run,organize
6,42,life,run,control
6,42,life,run,oversee
6,42,life,run,handle
6,49,life,lot,routine
6,54,life,story,biography
6,54,life,story,autobiography
6,54,life,story,memoir
6,61,life,read,biography
6,61,life,read,autobiography
6,61,life,read,memoir
6,62,life,nothing,nihilism
6,62,life,nothing,emptiness
6,62,life,nothing,meaninglessness
6,65,life,maybe,existence
6,65,life,maybe,being
6,65,life,maybe,reality
6,65,life,maybe,essence
6,67,life,stop,death
6,67,life,stop,cessation
6,67,life,stop,expiration
6,67,life,stop,passing
6,67,life,stop,departure
6,70,life,issue,problem
6,70,life,issue,challenge
6,70,life,issue,dilemma
6,70,life,issue,concern
6,71,life,name,biography
6,71,life,name,autobiography
6,71,life,name,memories
6,72,life,idea,philosophy
6,72,life,idea,theory
6,72,life,idea,concept
6,72,life,idea,notion
6,82,life,team,camaraderie
6,82,life,team,teamwork
6,82,life,team,collaboration
6,82,life,team,synergy
6,89,life,service,period
6,95,life,hour,lifespan
6,96,life,line,lifeline
6,96,life,line,aorta
6,96,life,line,file
6,97,life,girl,sorry
6,122,life,history,life
6,122,life,history,career
6,122,life,history,biography
6,123,life,buy,annuity
6,125,life,morning,dawn
6,125,life,morning,sunrise
6,125,life,morning,daybreak
6,128,life,course,lifespan
6,130,life,door,doorway
6,130,life,door,entrance
6,130,life,door,portal
6,132,life,court,courtroom
6,140,life,hope,optimism
6,140,life,hope,positivity
6,140,life,hope,faith
6,140,life,hope,confidence
6,140,life,hope,assurance
6,141,life,process,metabolism
6,141,life,process,physiology
6,144,life,offer,opportunity
6,144,life,offer,chance
6,144,life,offer,proposal
6,144,life,offer,proposition
6,148,life,fall,decline
6,148,life,fall,decay
6,148,life,fall,deterioration
6,148,life,fall,downfall
6,148,life,fall,degeneration
6,150,life,sense,sentience
6,150,life,sense,consciousness
6,150,life,sense,awareness
6,150,life,sense,perception
6,151,life,college,university
6,151,life,college,student
6,151,life,college,campus
6,153,life,mind,consciousness
6,153,life,mind,awareness
6,153,life,mind,sentience
6,153,life,mind,perception
6,153,life,mind,thought
6,153,life,mind,cognition
6,155,life,police,policing
6,159,life,heart,core
6,159,life,heart,Essence
6,159,life,heart,soul
6,159,life,heart,spirit
6,159,life,heart,vitality
6,159,life,heart,cardiac
6,159,life,heart,cardiovascular
6,159,life,heart,circulatory
6,159,life,heart,cardiac-related
6,159,life,heart,heart-related
6,160,life,son,filial
6,160,life,son,paternal
6,160,life,son,offspring
6,160,life,son,progeny
6,162,life,break,breakdown
6,162,life,break,transition
6,163,life,market,commerce
6,163,life,market,trade
6,163,life,market,economy
6,163,life,market,marketplace
6,164,life,air,oxygen
6,164,life,air,breath
6,164,life,air,respiration
6,166,life,foot,pedestrianism
6,166,life,foot,walking
6,166,life,foot,ambulation
6,167,life,baby,newborn
6,167,life,baby,infant
6,167,life,baby,neonate
6,168,life,wrong,mishap
6,168,life,wrong,misfortune
6,168,life,wrong,adversity
6,168,life,wrong,setback
6,168,life,wrong,tragedy
6,170,life,full,fulfilled
6,170,life,full,abundant
6,170,life,full,rich
6,170,life,full,satisfying
6,170,life,full,complete
6,171,life,pass,lifetime
6,171,life,pass,lifespan
6,171,life,pass,existence
6,171,life,pass,duration
6,172,life,report,obituary
6,172,life,report,biography
6,172,life,report,memoir
6,172,life,report,autobiography
6,173,life,control,regulate
6,173,life,control,manage
6,173,life,control,direct
6,173,life,control,oversee
6,177,life,action,activity
6,177,life,action,behavior
6,177,life,action,conduct
6,177,life,action,performance
6,177,life,action,deed
6,177,life,action,adventure
6,177,life,action,excitement
6,177,life,action,thrill
6,177,life,action,stimulation
6,177,life,action,animation
6,179,life,wife,spouse
6,179,life,wife,partner
6,180,life,value,morality
6,180,life,value,ethics
6,180,life,value,principles
6,180,life,value,values
6,180,life,value,cherish
6,180,life,value,prize
6,180,life,value,treasure
6,180,life,value,appreciate
6,183,life,phone,smartphone
6,184,life,thanks,gratitude
6,184,life,thanks,appreciation
6,184,life,thanks,thankfulness
6,184,life,thanks,blessings
6,188,life,site,habitat
6,188,life,site,environment
6,188,life,site,ecosystem
6,188,life,site,biotope
6,188,life,site,biota
6,188,life,site,biodiversity
6,189,life,hit,setback
6,189,life,hit,obstacle
6,189,life,hit,adversity
6,189,life,hit,challenge
6,189,life,hit,success
6,189,life,hit,achievement
6,189,life,hit,triumph
6,189,life,hit,victory
6,190,life,church,ecclesiastical
6,190,life,church,congregational
6,190,life,church,Spiritual
6,190,life,church,religious
6,190,life,church,faith-based
6,191,life,model,specimen
6,191,life,model,organism
6,191,life,model,lifeform
6,194,life,field,biology
6,194,life,field,biotics
6,194,life,field,biome
6,194,life,field,ecology
6,194,life,field,environment
6,197,life,couple,partners
6,197,life,couple,spouses
6,219,life,form,organism
6,219,life,form,being
6,223,life,science,bioscience
6,223,life,science,biology
6,223,life,science,zoology
6,223,life,science,ecology
6,228,life,dead,fossils
6,228,life,dead,remains
6,228,life,dead,artifacts
6,230,life,star,celebrity
6,233,life,society,nightlife
6,277,life,dog,sorry
6,280,life,wall,urbanization
6,280,life,wall,metropolitlifestyle
6,282,life,author,biographer
6,282,life,author,autobiographer
6,282,life,author,memoirist
6,282,life,author,chronicler
6,283,life,truth,axiom
6,283,life,truth,principle
6,283,life,truth,truism
6,283,life,truth,philosophy
6,283,life,truth,doctrine
6,283,life,truth,reality
6,283,life,truth,veracity
6,283,life,truth,authenticity
6,283,life,truth,actuality
6,284,life,husband,spouse
6,284,life,husband,partner
